{
  "users": [
    {
      "id": "tg_709617844",
      "telegram_id": "709617844",
      "name": "Ălex Vasiliev",
      "username": "alexeu123",
      "birth_date": "2000-01-01",
      "birth_city": "Unknown",
      "timezone": "Europe/Moscow",
      "zodiac_sign": "Unknown",
      "is_premium": false,
      "last_active": "2025-08-22T12:05:13.467Z",
      "created_at": "2025-08-22T12:04:55.713Z",
      "message_count": 3
    },
    {
      "id": "tg_1223514213",
      "telegram_id": "1223514213",
      "name": "Роман",
      "username": "gnomsgomnom",
      "birth_date": "2000-01-01",
      "birth_city": "Unknown",
      "timezone": "Europe/Moscow",
      "zodiac_sign": "Unknown",
      "is_premium": false,
      "last_active": "2025-08-22T13:16:02.134Z",
      "created_at": "2025-08-22T13:16:02.134Z",
      "message_count": 1
    },
    {
      "id": "tg_902198547",
      "telegram_id": "902198547",
      "name": "Maksim Izhutov",
      "username": "maksim_izhutov",
      "birth_date": "2000-01-01",
      "birth_city": "Unknown",
      "timezone": "Europe/Moscow",
      "zodiac_sign": "Unknown",
      "is_premium": false,
      "last_active": "2025-08-22T13:38:23.690Z",
      "created_at": "2025-08-22T13:21:31.182Z",
      "message_count": 3
    },
    {
      "id": "tg_1183689354",
      "telegram_id": "1183689354",
      "name": "Аня",
      "username": "AnnS0lo",
      "birth_date": "2000-01-01",
      "birth_city": "Unknown",
      "timezone": "Europe/Moscow",
      "zodiac_sign": "Unknown",
      "is_premium": false,
      "last_active": "2025-08-22T14:58:05.993Z",
      "created_at": "2025-08-22T14:58:05.993Z",
      "message_count": 1
    },
    {
      "id": "tg_web_5",
      "telegram_id": "web_5",
      "name": "ahghjsg",
      "birth_date": "3131-12-23",
      "birth_city": "Тольятти",
      "timezone": "Europe/Moscow",
      "zodiac_sign": "Козерог",
      "is_premium": false,
      "last_active": "2025-08-27T08:27:58.915Z",
      "created_at": "2025-08-27T08:27:58.915Z",
      "message_count": 1
    },
    {
      "id": "tg_web_6",
      "telegram_id": "web_6",
      "name": "test",
      "birth_date": "21321-12-23",
      "birth_city": "Тольятти",
      "timezone": "Europe/Moscow",
      "zodiac_sign": "Козерог",
      "is_premium": false,
      "last_active": "2025-08-29T13:35:01.690Z",
      "created_at": "2025-08-29T13:35:01.690Z",
      "message_count": 1
    },
    {
      "id": "tg_web_7",
      "telegram_id": "web_7",
      "name": "alex123",
      "birth_date": "123123-12-23",
      "birth_city": "231231",
      "timezone": "Europe/Moscow",
      "zodiac_sign": "Козерог",
      "is_premium": false,
      "last_active": "2025-09-01T06:58:29.606Z",
      "created_at": "2025-09-01T06:58:29.606Z",
      "message_count": 1
    }
  ]
}